objectID,accessionNumber,accessionYear,title,artistDisplayName,artistDisplayBio,artistSuffix,artistAlphaSort,artistNationality,artistBeginDate,artistEndDate,artistGender,culture,objectDate,medium,dimensions,department,classification,primaryImageSmall,objectURL,tags
78785,2013.895,2013,Seiei: A Design Book 精英,Yamada Naosaburō 山田直三郎,Japanese,,,Japanese,,,,Japan,1907,"Woodblock printed book; ink, color, mica, and metallic pigments on paper",9 13/16 × 7 3/16 in. (25 × 18.2 cm),Asian Art,Illustrated Books,https://images.metmuseum.org/CRDImages/as/web-large/2013_895_03_crd.jpg,https://www.metmuseum.org/art/collection/search/78785,"['Horses', 'Flowers', 'Angels']"
78810,2013.794,2013,Album of the Phoenix Bird (Ranpō jō) 鸞鳳帖,Keian Tenrai 桂庵天籟,Japanese,,,Japanese,,,,Japan,1806 (Bunka 3),"Woodblock printed book (orihon, accordion-style); ink and color on paper with metallic pigments",9 13/16 × 7 1/16 in. (25 × 18 cm),Asian Art,Illustrated Books,https://images.metmuseum.org/CRDImages/as/web-large/2013_794_06_crd.jpg,https://www.metmuseum.org/art/collection/search/78810,"['Fans', 'Women']"
55176,JP3192,1959,Print,Tsuneshige,Japanese,(?),Tsuneshige,Japanese,,,,Japan,ca. 1900,Woodblock print; ink and color on paper,12 7/8 x 8 7/8 in. (32.7 x 22.5 cm),Asian Art,Prints,https://images.metmuseum.org/CRDImages/as/web-large/DP143854.jpg,https://www.metmuseum.org/art/collection/search/55176,"['Men', 'Women']"
54764,JP2015,1929,Gold Coins,Asakura Sansho,Japanese,,Asakura Sansho,Japanese,,,,Japan,1813,Woodblock print (surimono); ink and color on paper,5 x 5 3/8 in. (12.7 x 13.7 cm),Asian Art,Prints,https://images.metmuseum.org/CRDImages/as/web-large/DP135849.jpg,https://www.metmuseum.org/art/collection/search/54764,['Coins']
54228,JP3390,1960,"The God of Good Fortune Daikoku, on Horseback, Being Led by an Ohara Maiden",Hokkyō Kōitsu,Japanese,,Hokkyō Kōitsu,Japanese,,,,Japan,"probably 1834, year of the horse",Woodblock print (surimono); ink and color on paper,8 3/8 x 7 1/4 in. (21.3 x 18.4 cm),Asian Art,Prints,https://images.metmuseum.org/CRDImages/as/web-large/DP143990.jpg,https://www.metmuseum.org/art/collection/search/54228,"['Girls', 'Men', 'Horses']"
53900,JP3433a–c,1975,Bathing in the Sea (Kaisuiyoku),Gyosei Shuntei,Japanese,,Gyosei Shuntei,Japanese,,,,Japan,dated 1898,Triptych of woodblock prints; ink and color on paper,Each panel: 13 9/16 x 9 1/2 in. (34.4 x 24.1 cm),Asian Art,Prints,https://images.metmuseum.org/CRDImages/as/web-large/DP151612.jpg,https://www.metmuseum.org/art/collection/search/53900,"['Children', 'Men', 'Women', 'Beaches', 'Bathing']"
36706,JP234,1918,An Entertainment at Shinagawa,Sakuragawa Bunkyo,Japanese,,Sakuragawa Bunkyo,Japanese,,,,Japan,ca. 1788,Right-hand sheet of a triptych of woodblock prints; ink and color on paper,10 1/8 x 7 7/16 in. (25.7 x 18.9 cm),Asian Art,Prints,https://images.metmuseum.org/CRDImages/as/web-large/DP114882.jpg,https://www.metmuseum.org/art/collection/search/36706,"['Women', 'Smoking']"
78814,2013.798,2013,Teach Yourself How to Dance (Odori hitori keiko) 踊独稽古;  酒宴即興踊独稽古(しゅえん そっきょう おどりひとりげいこ),Sanshōsai,Japanese,,Sanshōsai,Japanese,,,,Japan,"1814, first month (Bunka 11)",Woodblock printed book; ink and color on paper,5 1/8 × 7 3/8 in. (13 × 18.8 cm),Asian Art,Illustrated Books,https://images.metmuseum.org/CRDImages/as/web-large/2013_798_05_crd.jpg,https://www.metmuseum.org/art/collection/search/78814,"['Musical Instruments', 'Men', 'Women', 'Dancing']"
78762,2013.872,2013,Album of Sketches,Yūkakudō 幽覚堂,Japanese,,,Japanese,,,,Japan,late 18th century (?),"Woodblock printed book (orihon, accordion-style); ink and color on paper",13 3/4 × 11 7/16 in. (35 × 29 cm),Asian Art,Illustrated Books,https://images.metmuseum.org/CRDImages/as/web-large/2013_872_03_crd.jpg,https://www.metmuseum.org/art/collection/search/78762,"['Musical Instruments', 'Fans', 'Men', 'Women']"
53449,2015.300.227a–f,2015,Six Jewel Rivers from Various Provinces,Utagawa Hiroshige,"Japanese, Tokyo (Edo) 1797–1858 Tokyo (Edo)",,"Utagawa, Hiroshige",Japanese,1797,1858,,Japan,1857,Six woodblock prints; ink and color on paper,"Image (each): 14 1/4 × 9 5/8 in. (36.2 × 24.4 cm)
Mat (each): 22 13/16 × 15 9/16 in. (58 × 39.6 cm)",Asian Art,Prints,https://images.metmuseum.org/CRDImages/as/web-large/DP-13180-023.jpg,https://www.metmuseum.org/art/collection/search/53449,"['Women', 'Rivers', 'Moon', 'Landscapes']"
930218,2025.920,2025,"Bun’ya no Asayasu (no. 36), from the series  A Pictorial Commentary on One Hundred Poems by One Hundred Poets (Hyakunin isshu eshō: Bun'ya no Asayasu)",Utagawa Kunisada,"Japanese, 1786–1864",,Utagawa Kunisada,Japanese,1786,1864,,Japan,ca. 1844,Woodblock print (nishiki-e);  vertical ōban; ink and color on paper,Vertical ōban: 14 1/4 × 10 in. (36.2 × 25.4 cm),Asian Art,Prints,https://images.metmuseum.org/CRDImages/as/web-large/DP-42877-001.jpg,https://www.metmuseum.org/art/collection/search/930218,[]
55569,JP3392,1960,An Actor Beside Water,Utagawa Toyokuni I,"Japanese, 1769–1825",,Utagawa Toyokuni I,Japanese,1769,1825,,Japan,,Woodblock print; ink and color on paper,14 x 8 7/8 in. (35.6 x 22.5 cm),Asian Art,Prints,https://images.metmuseum.org/CRDImages/as/web-large/DP136993.jpg,https://www.metmuseum.org/art/collection/search/55569,"['Men', 'Actors']"
39799,JP2569,1936,"Under the Wave off Kanagawa (Kanagawa oki nami ura), or The Great Wave, from the series Thirty-six Views of Mount Fuji (Fugaku sanjūrokkei)",Katsushika Hokusai,"Japanese, Tokyo (Edo) 1760–1849 Tokyo (Edo)",,Katsushika Hokusai,Japanese,1760,1849,,Japan,ca. 1830–32,Woodblock print; ink and color on paper,10 x 15 in. (25.4 x 38.1 cm),Asian Art,Prints,https://images.metmuseum.org/CRDImages/as/web-large/DP141042.jpg,https://www.metmuseum.org/art/collection/search/39799,"['Mountains', 'Waves', 'Boats']"
54231,1991.341,1991,Mandarin Ducks in a Spring Landscape: Program for a Jururui Performance,Utamaro II,Japanese (died 1831?),,Utamaro II,Japanese,1750,1850,,Japan,ca. 1807,Woodblock print (surimono); ink and color on paper,15 3/4 x 21 5/8 in. (40 x 54.9 cm) (unfolded),Asian Art,Prints,https://images.metmuseum.org/CRDImages/as/web-large/DP144186.jpg,https://www.metmuseum.org/art/collection/search/54231,"['Ducks', 'Poetry']"
55027,JP1090,,A Courtesan with Wisteria on the Background,Utamaro II,Japanese (died 1831?),,Utamaro II,Japanese,1750,1850,,Japan,,Woodblock print; ink and color on paper,H. 14 1/8 in. (35.9 cm); W. 9 1/4 in. (23.5 cm),Asian Art,Prints,https://images.metmuseum.org/CRDImages/as/web-large/DP141319.jpg,https://www.metmuseum.org/art/collection/search/55027,"['Women', 'Flowers']"
54878,JP1001,1914,"Group of Women on the Engawa of a Country House, in the time of the Cherry Blossoming",Utamaro II,Japanese (died 1831?),,Utamaro II,Japanese,1750,1850,,Japan,ca. 1806,Woodblock print; ink and color on paper,H. 15 in. (38.1 cm); W. 9 5/8 in. (24.4 cm),Asian Art,Prints,https://images.metmuseum.org/CRDImages/as/web-large/DP141304.jpg,https://www.metmuseum.org/art/collection/search/54878,"['Musical Instruments', 'Women', 'Rivers', 'Hills', 'Trees']"
55026,JP1089,,A Courtesan with Morning-glories on the Background,Utamaro II,Japanese (died 1831?),,Utamaro II,Japanese,1750,1850,,Japan,,Woodblock print; ink and color on paper,H. 14 1/4 in. (36.2 cm); W. 9 3/8 in. (23.8),Asian Art,Prints,https://images.metmuseum.org/CRDImages/as/web-large/DP141318.jpg,https://www.metmuseum.org/art/collection/search/55026,"['Women', 'Flowers', 'Leaves']"
54879,JP1002,1914,The Oiran Hanaogi of Ogiya attended by Two Shinzo and Her Kamuro Yoshino,Utamaro II,Japanese (died 1831?),,Utamaro II,Japanese,1750,1850,,Japan,ca. 1806,Woodblock print; ink and color on paper,H. 14 5/8 in. (37.1 cm); W. 9 1/2 in. (24.1 cm),Asian Art,Prints,https://images.metmuseum.org/CRDImages/as/web-large/DP141305.jpg,https://www.metmuseum.org/art/collection/search/54879,['Women']
54877,JP1000,1914,"The Kōya no Tamagawa, Province of Kii",Utamaro II,Japanese (died 1831?),,Utamaro II,Japanese,1750,1850,,Japan,ca. 1806,Woodblock print; ink and color on paper,H. 13 7/8 in. (35.2 cm); W. 8 7/8 in. (22.5 cm),Asian Art,Prints,https://images.metmuseum.org/CRDImages/as/web-large/DP141337.jpg,https://www.metmuseum.org/art/collection/search/54877,"['Women', 'Streams']"
55570,JP3394,1960,Ladies Surrounding a Cart,Utamaro II,Japanese (died 1831?),,Utamaro II,Japanese,1750,1850,,Japan,,Triptych of woodblock prints; ink and color on paper,15 x 30 in. (38.1 x 76.2 cm),Asian Art,Prints,https://images.metmuseum.org/CRDImages/as/web-large/DP147734.jpg,https://www.metmuseum.org/art/collection/search/55570,['Women']
54533,JP1960,1929,"Halberd, Brocade Robe and Seal",,,,,,,,,Japan,19th century,Woodblock print (surimono); ink and color on paper,8 1/8 x 7 3/8 in. (20.6 x 18.7 cm),Asian Art,Prints,https://images.metmuseum.org/CRDImages/as/web-large/DP135771.jpg,https://www.metmuseum.org/art/collection/search/54533,"['Robes', 'Weapons', 'Seals']"
37256,JP812,1914,Interior Scene in the Yoshiwara,Hishikawa Moronobu,"Japanese, 1618–1694",,Hishikawa Moronobu,Japanese,1618,1694,,Japan,ca. 1680,Woodblock print; ink on paper,10 1/8 x 15 1/5 in. (25.7 x 38.6 cm),Asian Art,Prints,https://images.metmuseum.org/CRDImages/as/web-large/DP130159.jpg,https://www.metmuseum.org/art/collection/search/37256,"['Food', 'Interiors', 'Men', 'Women', 'Dancing', 'Musicians']"
54961,JP2109,1929,"Sea Bream (Tai) on Nabeshima Porcelain Dish, Sake Cup on Stand, and Painting of a Peony",Ryūryūkyo Shinsai,"Japanese, active ca. 1799–1823",,Ryūryūkyo Shinsai,Japanese,1799,1823,,Japan,ca. 1820,Woodblock print (surimono); ink and color on paper,7 1/16 x 6 11/16 in. (17.9 x 17 cm),Asian Art,Prints,https://images.metmuseum.org/CRDImages/as/web-large/DP138296.jpg,https://www.metmuseum.org/art/collection/search/54961,['Fish']
54960,JP2108,1929,Refined Lavers (A Kind of Sea Weed) and a Handy Writing Outfit with Pouch,Ryūryūkyo Shinsai,"Japanese, active ca. 1799–1823",,Ryūryūkyo Shinsai,Japanese,1799,1823,,Japan,probably 1819,Woodblock print (surimono); ink and color on paper,7 15/16 x 7 1/16 in. (20.2 x 17.9 cm),Asian Art,Prints,https://images.metmuseum.org/CRDImages/as/web-large/DP138294.jpg,https://www.metmuseum.org/art/collection/search/54960,"['Rabbits', 'Flowers']"
54535,JP1961,1929,New Year’s Sake Bottles and Shrine Plaque (Ema) for the Year of the Rooster,Katsushika Hokusen,"Japanese, active first half of the nineteenth century",,Katsushika Hokusen,Japanese,1800,1850,,Japan,probably 1813 or 1825,Woodblock print (surimono); ink and color on paper,5 1/2 x 7 3/8 in. (14 x 18.7 cm),Asian Art,Prints,https://images.metmuseum.org/CRDImages/as/web-large/DP135773.jpg,https://www.metmuseum.org/art/collection/search/54535,"['Food', 'Roosters']"
744432,"2016.751.6a, b",2016,A Mirror of Yoshiwara Beauties,Katsukawa Shunshō 勝川春章,"Japanese, 1726–1792",,Katsukawa Shunshō,Japanese,1726,1792,,Japan,1916 (reprint edition),"Woodblock printed book (Japanese-style binding), ink and color on paper",11 7/8 × 8 3/8 in. (30.1 × 21.3 cm),Asian Art,Illustrated Books,https://images.metmuseum.org/CRDImages/as/web-large/DP-13250-001.jpg,https://www.metmuseum.org/art/collection/search/744432,['Japanese']
37145,JP698,1911,"Night Rain at the Double-Shelf Stand, from the series Eight Parlor Views (Zashiki hakkei)",Suzuki Harunobu,"Japanese, 1725–1770",,Suzuki Harunobu,Japanese,1725,1770,,Japan,ca. 1766,"Woodblock print (first edition); ink and colors on paper, medium-sized print (chuban)",11 1/4 x 8 in. (28.6 x 20.3 cm),Asian Art,Prints,https://images.metmuseum.org/CRDImages/as/web-large/DP119525.jpg,https://www.metmuseum.org/art/collection/search/37145,"['Boys', 'Women', 'Tea']"
56597,JP3084,1949,"Interior, Three Figures: Sake Party",Hasegawa Mitsunobu,"Japanese, active ca. 1724–1754",,Hasegawa Mitsunobu,Japanese,1724,1754,,Japan,ca. 1730,Monochrome woodblock print; ink on paper,10 1/2 x 15 in. (26.7 x 38.1 cm),Asian Art,Prints,https://images.metmuseum.org/CRDImages/as/web-large/DP130246.jpg,https://www.metmuseum.org/art/collection/search/56597,"['Interiors', 'Men', 'Women', 'Drinking']"
54959,JP2107,1929,Tray with Noshi Paper (Noshi Indicates a Present),Totoya Hokkei,"Japanese, 1780–1850",,Totoya Hokkei,Japanese,1780,1850,,Japan,1816,Woodblock print (surimono); ink and color on paper,5 1/4 x 7 3/16 in. (13.3 x 18.3 cm),Asian Art,Prints,https://images.metmuseum.org/CRDImages/as/web-large/DP138293.jpg,https://www.metmuseum.org/art/collection/search/54959,"['Flowers', 'Trays']"
54544,JP1963,1929,"Stone of Three Lights: Sun, Moon and Star",Keisai Eisen,"Japanese, 1790–1848",,Keisai Eisen,Japanese,1790,1848,,Japan,19th century,Woodblock print (surimono); ink and color on paper,7 11/16 x 7 1/8 in. (19.5 x 18.1 cm),Asian Art,Prints,https://images.metmuseum.org/CRDImages/as/web-large/DP135775.jpg,https://www.metmuseum.org/art/collection/search/54544,"['Moon', 'Stars', 'Sun']"
54532,JP1959,1929,Street Scene in the New Year Season,Utagawa Kuninao,"Japanese, 1793–1854",,Utagawa Kuninao,Japanese,1793,1854,,Japan,1814,Woodblock print (surimono); ink and color on paper,8 5/16 x 7 1/4 in. (21.1 x 18.4 cm),Asian Art,Prints,https://images.metmuseum.org/CRDImages/as/web-large/DP137840.jpg,https://www.metmuseum.org/art/collection/search/54532,"['Children', 'Women', 'Dogs']"
54537,JP1962,1929,Mirror and Stand,Kikugawa Eizan,"Japanese, 1787–1867",,Kikugawa Eizan,Japanese,1787,1867,,Japan,probably 1815,Woodblock print (surimono); ink and color on paper,5 x 7 1/16 in. (12.7 x 17.9 cm),Asian Art,Prints,https://images.metmuseum.org/CRDImages/as/web-large/DP135774.jpg,https://www.metmuseum.org/art/collection/search/54537,['Mirrors']
37255,JP811,1914,A Banquet in a Joroya,Hishikawa Moronobu,"Japanese, 1618–1694",,Hishikawa Moronobu,Japanese,1618,1694,,Japan,ca. 1680,Monochrome woodblock print; ink and color on paper,10 1/8 x 15 1/5 in. (25.7 x 38.6 cm),Asian Art,Prints,https://images.metmuseum.org/CRDImages/as/web-large/DP130158.jpg,https://www.metmuseum.org/art/collection/search/37255,"['Men', 'Women', 'Dining']"
37254,JP810,1914,The Kitchen of a Joroya.,Hishikawa Moronobu,"Japanese, 1618–1694",,Hishikawa Moronobu,Japanese,1618,1694,,Japan,ca. 1680,Woodblock print; ink and color on paper,10 1/8 x 15 1/5 in. (25.7 x 38.6 cm),Asian Art,Prints,https://images.metmuseum.org/CRDImages/as/web-large/DP124573.jpg,https://www.metmuseum.org/art/collection/search/37254,"['Kitchens', 'Men', 'Women', 'Fish', 'Working']"
54149,JP2365,1929,"Spring Rain Collection (Harusame shū), vol. 3: Mountain Dove and Peach Flowers",Teisai Hokuba,"Japanese, 1771–1844",,Teisai Hokuba,Japanese,1771,1844,,Japan,ca. 1820,Privately published woodblock prints (surimono) mounted in an album; ink and color on paper,8 1/4 x 7 7/16 in. (21 x 18.9 cm),Asian Art,Prints,https://images.metmuseum.org/CRDImages/as/web-large/DP139039.jpg,https://www.metmuseum.org/art/collection/search/54149,"['Doves', 'Japanese', 'Flowers', 'Leaves']"
73624,2007.49.311,2007,"Postal Hōchi Newspaper no. 645,  Englishman raping a wine shopkeeper's daughter (Yūbin Hōchi shinbun, roppyaku yonjū gogō)",Tsukioka Yoshitoshi,"Japanese, 1839–1892",,Tsukioka Yoshitoshi,Japanese,1839,1892,,Japan,"August, 1875",Woodblock print; ink and color on paper,Image: 14 1/8 x 9 3/8 in. (35.9 x 23.8 cm),Asian Art,Prints,https://images.metmuseum.org/CRDImages/as/web-large/DP148165.jpg,https://www.metmuseum.org/art/collection/search/73624,"['Men', 'Women', 'Japanese']"
54871,JP986,1914,"Kiyomizu Komachi, from the series Futabagusa nana Komachi",Kitagawa Utamaro,"Japanese, ca. 1754–1806",,Kitagawa Utamaro,Japanese,1754,1806,,Japan,1790s,Woodblock print (nishiki-e); ink and color on paper,H. 14 1/2 in. (36.8 cm); W. 9 1/2 in. (24.1 cm),Asian Art,Prints,https://images.metmuseum.org/CRDImages/as/web-large/DP135607.jpg,https://www.metmuseum.org/art/collection/search/54871,"['Children', 'Women', 'Playing', 'Games']"
54958,JP2106,1929,Kitchen Utensils with Greens for the Ceremony on January 7th,Hachifusa Shūri,"Japanese, 18th–19th century",,Hachifusa Shūri,Japanese,1700,1900,,Japan,19th century,Woodblock print (surimono); ink and color on paper,5 3/8 x 7 3/8 in. (13.7 x 18.7 cm),Asian Art,Prints,https://images.metmuseum.org/CRDImages/as/web-large/DP138292.jpg,https://www.metmuseum.org/art/collection/search/54958,['Knives']
54963,JP2111,1929,Red Table with Fans and a Brush Stand,Ryūryūkyo Shinsai,"Japanese, active ca. 1799–1823",,Ryūryūkyo Shinsai,Japanese,1799,1823,,Japan,19th century,Woodblock print (surimono); ink and color on paper,5 9/16 x 7 7/16 in. (14.1 x 18.9 cm),Asian Art,Prints,https://images.metmuseum.org/CRDImages/as/web-large/DP138298.jpg,https://www.metmuseum.org/art/collection/search/54963,"['Fans', 'Feathers', 'Tables', 'Brushes']"
54962,JP2110,1929,Halfbeak on a Lacquer Tray with Turnips and White Baits on a Porcelain Dish with Plum Blossoms on Broken Ice,Ryūryūkyo Shinsai,"Japanese, active ca. 1799–1823",,Ryūryūkyo Shinsai,Japanese,1799,1823,,Japan,probably 1815 (Year of the Boar),Woodblock print (surimono); ink and color on paper,5 5/8 x 7 5/16 in. (14.3 x 18.6 cm),Asian Art,Prints,https://images.metmuseum.org/CRDImages/as/web-large/DP138297.jpg,https://www.metmuseum.org/art/collection/search/54962,"['Fish', 'Trays']"
57081,JP2809,1939,Japanese Bush Warbler,Kitagawa Utamaro,"Japanese, ca. 1754–1806",,Kitagawa Utamaro,Japanese,1754,1806,,Japan,1754–1806,Woodblock print; ink and color on paper,8 3/4 x 6 1/4 in. (22.2 x 15.9 cm),Asian Art,Prints,https://images.metmuseum.org/CRDImages/as/web-large/DP141302.jpg,https://www.metmuseum.org/art/collection/search/57081,"['Birds', 'Women']"
56053,JP1746,1929,"The Courtesan Takigawa of the Ōgiya Brothel, from the series Seven Beautiful Komachi",Utagawa Toyokuni I,"Japanese, 1769–1825",,Utagawa Toyokuni I,Japanese,1769,1825,,Japan,ca. 1794,Woodblock print (nishiki-e); ink and color on paper,Vertical ōban; H. 14 11/16 in. (37.3 cm); W. 9 7/8 in. (25.1 cm),Asian Art,Prints,https://images.metmuseum.org/CRDImages/as/web-large/DP136988.jpg,https://www.metmuseum.org/art/collection/search/56053,"['Men', 'Women']"
670895,2015.300.225a–h,2015,"Collection of Japanese 
Paintings",Tani Bunchō,"Japanese, 1763–1840",,Tani Bunchō,Japanese,1763,1840,,Japan,1809,Eight woodblock printed books; ink and color on paper,Each book: 9 1/4 × 6 1/4 in. (23.5 × 15.9 cm),Asian Art,Illustrated Books,https://images.metmuseum.org/CRDImages/as/web-large/DP-13283-001.jpg,https://www.metmuseum.org/art/collection/search/670895,"['Birds', 'Leaves']"
857956,2022.312,2022,Mother and her Children in Front of a Freestanding Screen of a Chinese Lion,Kitagawa Utamaro 喜多川歌麿,"Japanese, ca. 1754–1806",,Kitagawa Utamaro,Japanese,1754,1806,,Japan,1786,Woodblock print (surimono); ink and color on paper,Horizontal ōban; image: 10 7/8 × 15 3/8 in. (27.6 × 39.1 cm),Asian Art,Prints,https://images.metmuseum.org/CRDImages/as/web-large/DP-24982-001.jpg,https://www.metmuseum.org/art/collection/search/857956,[]
37031,JP580,1918,"Ōtsu, from the series The Fifty-Three Stations of the Tōkaidō Road (Tōkaidō gojūsan tsugi, Ōtsu)",Utagawa Hiroshige,"Japanese, Tokyo (Edo) 1797–1858 Tokyo (Edo)",,"Utagawa, Hiroshige",Japanese,1797,1858,,Japan,1841–44,Woodblock print (nishiki-e); ink and color on paper,8 27/32 x 13 1/2 in. (22.5 x 34.3 cm),Asian Art,Prints,https://images.metmuseum.org/CRDImages/as/web-large/DP122761.jpg,https://www.metmuseum.org/art/collection/search/37031,"['Human Figures', 'Landscapes', 'Trees']"
55527,JP3359,1960,"The Actor Ichikawa Ichizō III as Nozarashi Gosuke, likened to Shi Jin the Nine Dragoned (Kyūmonryū Shishin ni hisu), from the “Pine” triptych of the series A Modern Water Margin (Tōsei suikoden)",Utagawa Kunisada 歌川国貞,"Japanese, 1786–1864",,Utagawa Kunisada 歌川国貞,Japanese,1786,1864,,Japan,"1854, 7th month)",Right sheet of a triptych of woodblock prints (nishiki-e); ink and color on paper,Vertical ōban; image 14 1/4 x 9 3/4 in. (36.2 x 24.8 cm),Asian Art,Prints,https://images.metmuseum.org/CRDImages/as/web-large/DP143135.jpg,https://www.metmuseum.org/art/collection/search/55527,"['Men', 'Actors']"
36722,JP250,1918,Japanese White-eye and Titmouse on a Camellia Branch,Utagawa Hiroshige,"Japanese, Tokyo (Edo) 1797–1858 Tokyo (Edo)",,"Utagawa, Hiroshige",Japanese,1797,1858,,Japan,ca. 1840,Woodblock print,10 7/32 x 7 7/32 in. (26.0 x 18.4 cm),Asian Art,Prints,https://images.metmuseum.org/CRDImages/as/web-large/DP121493.jpg,https://www.metmuseum.org/art/collection/search/36722,"['Birds', 'Flowers']"
54807,JP2037,1929,"Spring Rain Collection (Harusame shū), vol. 1: Genroku-style Courtesan",Utagawa Kuninao,"Japanese, 1793–1854",,Utagawa Kuninao,Japanese,1793,1854,,Japan,probably 1810s,Privately published woodblock prints (surimono) mounted in an album; ink and color on paper,8 7/16 x 3 7/16 in. (21.4 x 8.7 cm),Asian Art,Prints,https://images.metmuseum.org/CRDImages/as/web-large/DP135879.jpg,https://www.metmuseum.org/art/collection/search/54807,['Women']
56736,JP2590,1936,Kabuki Actor Ichimura Uzaemon IX,Torii Kiyomitsu,"Japanese, 1735–1785",,Torii Kiyomitsu,Japanese,1735,1785,,Japan,ca. 1759,Woodblock print; ink and color on paper,14 3/8 x 6 5/8 in. (36.5 x 16.8 cm),Asian Art,Prints,https://images.metmuseum.org/CRDImages/as/web-large/DP123720.jpg,https://www.metmuseum.org/art/collection/search/56736,"['Men', 'Actors', 'Umbrellas']"
56423,JP3025,1945,Cover From a Japanese Illustrated Book,Okumura Masanobu,"Japanese, 1686–1764",,Okumura Masanobu,Japanese,1686,1764,,Japan,ca. 1739,Woodblock print; ink and color on paper (hand colored),10 3/4 x 15 5/8 in. (27.3 x 39.7 cm),Asian Art,Prints,https://images.metmuseum.org/CRDImages/as/web-large/DP124527.jpg,https://www.metmuseum.org/art/collection/search/56423,"['Cranes', 'Robes']"
